Title,Subtitle,n,R2,int,int.se,int.lo,int.hi,slo,slo.se,slo.lo,slo.hi,p_b1,lambda
PGLS regression - lambda,Male ~ Flower,307,0.8874941853562083,-0.761311270659875,0.09261975099143382,-0.9673413163619076,-0.598902912724572,1.02375846266554,0.024060800499464338,0.9750447521050007,1.0641895257624965,0.32421239514902844,0.6660611818100635
PGLS regression - lambda,Female ~ Flower,307,0.8668876054872379,-0.9536389615093248,0.0797373590635269,-1.088994575033026,-0.7924026618021127,0.9246509659592322,0.02325674574914638,0.8856493553884581,0.9700083685118313,0.0013278756006762124,0.5149782901454636
PGLS regression - lambda,Petals ~ Flower,307,0.935972851063742,-0.27461522153187445,0.059526385645167205,-0.39737275217027024,-0.15599863942840683,1.0737192029112297,0.01794593230260625,1.0360780094520345,1.1124571572492297,5.135596344692018e-5,0.46629880234915366
PGLS regression - lambda,Sepals ~ Flower,307,0.8646913847108182,-0.8439969021719187,0.07999727401372937,-0.9843306511448837,-0.706891758115679,0.9294710300042565,0.023353229102390908,0.8826845460310431,0.973554126737364,0.0027406319308744868,0.5137033807980447
RMA.phy regression,Male ~ Flower,307,0.8547818191136929,-0.5850899655964956,NA,NA,NA,1.1068457098788826,NA,NA,NA,5.725082421661505e-6,0.6067842234462235
RMA.phy regression,Female ~ Flower,307,0.8382787793056029,-0.7694508498334245,NA,NA,NA,1.0100181385551317,NA,NA,NA,0.6655179084515799,0.5083788264641336
RMA.phy regression,Petals ~ Flower,307,0.9215069703993799,-0.17701538058169408,NA,NA,NA,1.1187817034743746,NA,NA,NA,3.428037757780888e-11,0.47551728871620275
RMA.phy regression,Sepals ~ Flower,307,0.8386027997138322,-0.6589347227674098,NA,NA,NA,1.0152233326852809,NA,NA,NA,0.5120120262702382,0.5066060883608962
