"","method","Slope_contrast","LR","df","P"
"1","SMA","Male vs Female",4.12298766191948,1,0.0423043056199036
"2","SMA","Petals vs Sepals",5.48819634071662,1,0.0191452841486593
