"","Slope","Int","model","lambda","r2","Slope_test","Slope_test_stat","Slope_test_p"
"1",1.12487294624936,-0.544514701035009,"BM",1,0.829223641682387,1,4.97281314494252,0.00000133741667795369
