"","Slope","Int","model","lambda","r2","Slope_test","Slope_test_stat","Slope_test_p"
"1",0.995089745793291,-0.813479795481547,"BM",1,0.826780193420452,1,0.2065492191454,0.836554888046011
