"","group","n","r2","pval","Slope","Slope_lowCI","Slope_highCI","Int","Int_lowCI","Int_highCI","Slope_test","Slope_test_p","Elev_test","Elev_test_p"
"group","all",307,0.75570545574498,0.0000000000000000000000000000000000000000000000000000000000000000000000000000000000000000000000238040803323095,1.11304694156387,1.05278538959498,1.17675787142267,0.110604937665442,-0.0526532326723317,0.273863108003215,1,0.0001804475531062,NA,NA
