"","Slope","Int","model","lambda","r2","Slope_test","Slope_test_stat","Slope_test_p"
"1",0.964445290133479,-0.78429392202136,"BM",1,0.720926116478871,1,1.19680927630837,0.232633791121958
