"","Slope","Int","model","lambda","r2","Slope_test","Slope_test_stat","Slope_test_p"
"1",0.904946222452789,-0.788255160031771,"BM",1,0.61413616080473,1,2.80808576653825,0.005401951471195
