"","Slope","Int","model","lambda","r2","Slope_test","Slope_test_stat","Slope_test_p"
"1",1.31244738518712,0.5279771367723,"BM",1,0.721782536674908,1,9.00236784951433,0.0000000000000000929340652341319
