"","Slope","Int","model","lambda","r2","Slope_test","Slope_test_stat","Slope_test_p"
"1",1.12400461292691,-0.445798713738424,"BM",1,0.72386122198872,1,3.88501557643106,0.000134440747438381
