"","Slope","Int","model","lambda","r2","Slope_test","Slope_test_stat","Slope_test_p"
"1",0.97089678405628,-0.759236337100796,"BM",1,0.751233075556479,1,1.03417078895134,0.30217293350589
